,duration_f0,form,intent,label,mean_f0,mean_intensity,ppt_id,range_f0,sd_f0,sd_intensity,slope_f0,speaker,stimNum,topic
0,95,conventional,question,question,246.82492331370787,55.12033900578108,17,137.36761677275254,37.53710381343514,9.665211633670664,0.5675177520735196,17,8,piano
1,85,conventional,question,question,152.72219828128362,56.3274677756785,4,113.38990403129017,22.90897037669988,10.025252789663117,0.17603596043300584,4,8,piano
2,44,conventional,question,question,224.18064414576773,46.95624959996058,17,188.714565944169,50.900825213179644,9.683905888477627,-2.606030708993032,17,3,box
3,83,non-conventional,statement,statement,104.42875726185002,45.407365493330076,9,53.785523049228075,15.1340817941099,9.827504226400404,0.047953985997647774,9,9,soup
4,141,non-conventional,statement,statement,134.28102818565816,42.02012771778143,22,164.73965127173045,40.946825750260416,6.263828113980594,-0.28858984164747054,22,6,office
5,139,conventional,question,question,196.7881032268271,57.65771968601597,2,150.43203465398932,27.914856137347247,9.584567588734481,0.17400805824788082,2,10,spanish
6,88,conventional,request,request,252.94147046288163,55.32594086244998,3,138.5863909492572,42.46521212092036,10.548938509009476,1.4164262614809382,3,4,door
7,59,non-conventional,statement,statement,238.36211326472738,49.753553908359414,17,499.154772167061,87.09809412677949,8.292856355187505,-2.1317753480297283,17,9,soup
8,76,conventional,question,question,105.07540422013135,52.451654210007945,9,516.2158427270084,58.017321994201836,10.296079612556188,0.004415251263743304,9,8,piano
9,57,non-conventional,statement,statement,145.6222670983909,53.46747659509292,4,69.74709453259992,17.036561639787006,11.207626408115875,-0.27182171388543996,4,9,soup
10,90,conventional,question,question,181.01179320657639,50.69596562018519,1,83.60510589412809,21.52968723450464,12.730892346144884,-0.5129927667336943,1,4,door
11,99,conventional,question,question,228.72954809121137,49.43041931062586,3,217.03680203187866,62.5949303436138,11.009493305349785,-0.008775389302038071,3,3,box
12,82,non-conventional,statement,statement,102.23368439142794,42.94332233036973,24,35.56923458336588,7.886307461094516,7.761030391936826,-0.08289013867211821,24,7,phone
13,76,conventional,request,request,123.79550669328673,58.39109186852065,21,58.34510585130502,13.763897064467248,13.4497851362762,0.184678056700342,21,3,box
14,80,non-conventional,statement,statement,204.65948143305295,51.586744090087905,17,202.01827977961736,53.55372632291599,9.123343063853127,-1.81802842036221,17,1,car
15,125,conventional,question,question,103.01110870470353,43.735173602145025,24,45.038773775518806,12.491111918746828,7.414191218367005,-0.12151877215563428,24,11,window
16,83,conventional,request,request,251.6464471151787,53.438090836789016,17,345.04005282358224,56.07661735631664,9.53629310924766,-0.6591332222955757,17,4,door
17,62,conventional,question,question,102.35521090985672,55.527189865942965,18,50.70566767604342,15.730748420597187,10.421737053128508,-0.18722686220244517,18,4,door
18,139,non-conventional,request,request,174.63225159310653,60.7888180655583,2,75.30846627082263,19.379728224778265,7.521292286338586,-0.35622254623931693,2,2,back
19,131,conventional,question,question,114.35665131769457,45.456861982407396,7,66.68447576816452,11.6140398698726,7.074342958264541,0.0009581822688645415,7,10,spanish
20,103,conventional,question,question,201.38475321779234,54.02672624790405,2,66.95273816177865,16.40413009839557,8.998153573454504,0.4588606003310147,2,12,temperature
21,103,conventional,request,request,256.93130062159213,64.39528181204976,13,168.71770910383106,43.28661488521697,12.423469982270257,-0.9912497821861749,13,11,window
22,61,non-conventional,request,request,102.24257143427651,49.629339630309005,10,39.875395199308855,8.554976558419096,10.039600902077805,-0.21741168036339067,10,5,laptop
23,76,conventional,request,request,149.74191821085893,47.75435426873144,19,98.54834079105228,19.5072135429327,10.837371875940065,0.11258049930623937,19,12,temperature
24,181,non-conventional,request,request,208.6796453131261,51.07679949381469,3,422.64948401048434,62.67816394232847,10.467269585501592,0.11640888817401676,3,5,laptop
25,113,non-conventional,request,request,217.17568903245282,56.555435767416554,13,130.9896863176723,20.963336913069384,12.660073931142163,-0.4142810236379525,13,6,office
26,161,conventional,question,question,143.37449393545353,43.667218989157135,25,124.00490957038598,32.72106595944456,7.7934620623788415,0.27725357253253596,25,11,window
27,69,non-conventional,request,request,118.28294784352556,50.65464327446269,9,520.6431951150068,101.63733059783019,11.495026892942343,-0.18913368386828888,9,9,soup
28,78,conventional,request,request,173.98019869682716,57.88115215124243,4,423.9181913244678,86.75717785627691,9.561623062113425,0.40092308012628297,4,8,piano
29,115,non-conventional,statement,statement,108.70404251589191,43.13207876870044,25,45.34117788912809,10.633433901744585,6.034175889800658,-0.04000689642549983,25,7,phone
30,117,non-conventional,request,request,127.85920232569512,45.553346315225376,16,152.9621067465426,45.44980153541486,5.987579501245297,-0.7041012436870283,16,2,back
31,114,non-conventional,statement,statement,149.89018513282025,46.85469152932304,5,140.1455382177403,30.22908178301468,7.999665621866102,-0.4555328237149861,5,5,laptop
32,112,conventional,question,question,122.39782180314803,41.91808375610186,8,40.58186222884646,8.151450990664637,7.427861838806564,-0.07470383420467315,8,3,box
33,98,non-conventional,statement,statement,108.82706349299497,50.82720520609719,10,515.8583401630254,71.2045470954903,10.040362742202676,-0.44947396112582355,10,6,office
34,91,non-conventional,statement,statement,91.99128051605692,50.42464491247493,9,54.31224890944365,10.450839514697048,10.827267200976362,-0.23492270423393544,9,2,back
35,90,non-conventional,statement,statement,136.63692477914404,59.16967837797349,4,113.61593428985097,17.80057926026658,7.817195862330484,-0.25410599825054303,4,2,back
36,101,non-conventional,statement,statement,194.34739320098362,51.35044731074385,17,199.93764391458149,50.383520219035944,8.14186438377362,-1.2271607681563819,17,2,back
37,121,conventional,request,request,128.8278204979907,42.56775041233008,22,152.36350465428245,39.23475623631109,7.168857553527975,-0.18913283224091668,22,4,door
38,64,conventional,request,request,99.39997950828673,54.723776610217,18,36.66007501033141,10.280912213806417,11.283796120402311,0.12694720950800556,18,8,piano
39,143,conventional,question,question,120.47216472880773,44.223973872424644,8,33.54580573984934,5.913008979729625,5.666934037059047,-0.057853214926074946,8,10,spanish
40,160,conventional,question,question,113.94975258949748,39.972955232637986,22,141.4706571508696,19.161297593713634,7.100230244842727,-0.05344197548434139,22,3,box
41,125,non-conventional,statement,statement,151.68138346230137,47.57193915113061,12,427.3867650811106,72.60163800809968,7.321942503649764,-0.35961034736174025,12,1,car
42,98,conventional,question,question,152.92065338791554,56.11805678681006,4,80.18296824276128,19.44767973962392,9.54409904275364,0.0954297786961109,4,4,door
43,110,non-conventional,request,request,182.737803257246,51.93402743763071,20,86.01884823879354,22.039615245564598,10.29268450594306,-0.5954959861707448,20,5,laptop
44,124,non-conventional,request,request,121.68145058361978,41.658842931759125,22,144.44639897577406,37.326796238853625,6.60374817486405,-0.3939494301400804,22,7,phone
45,112,conventional,request,request,121.10637475562778,43.15440339190142,8,39.529495203377664,7.172554293332731,5.95176816399829,-0.06772795431545287,8,4,door
46,73,non-conventional,request,request,156.54763713101144,55.02234021131498,2,134.2288450659737,40.79057100872164,8.777122339215033,-1.6098364273657688,2,9,soup
47,85,conventional,request,request,209.95587893308675,56.23095983434542,6,93.10433741167628,21.50480442562056,11.518958602399447,0.23426008422623734,6,12,temperature
48,94,conventional,question,question,115.60343137653435,48.517599678910486,7,37.54230585140989,7.7776844143798955,7.728993790202842,-0.15283814997139702,7,12,temperature
49,74,non-conventional,request,request,134.52728127376605,44.055486391239675,16,392.5899514672845,72.70100806030666,6.530862239438482,-1.1678393588063458,16,9,soup
50,88,conventional,request,request,211.9007541621488,50.44766651325439,3,171.2070431921535,50.823184740891755,10.748943902188905,-1.2228632013165939,3,3,box
51,70,conventional,request,request,244.07247091995018,53.75431604561236,13,189.65681448536276,37.191890445894465,12.120018363212939,-0.6977375960473462,13,3,box
52,88,non-conventional,request,request,90.41868022248833,51.96147659429157,9,39.402663987173185,11.140532060259908,9.514537674511661,-0.27667752464843004,9,2,back
53,99,conventional,request,request,157.85829323527912,48.84032013579772,12,80.65057321991469,24.51831598920393,9.45471658528242,-0.14857470455953464,12,12,temperature
54,108,non-conventional,request,request,171.027178804596,50.18786343669424,5,162.53430316711322,36.42476098207806,8.101115996587078,-0.49442947825713324,5,1,car
55,104,non-conventional,request,request,168.8842393988312,46.95165048687682,16,434.9290821032033,117.99233145931838,5.812398671788602,-2.8054807414749527,16,7,phone
56,103,conventional,request,request,136.16067311875983,54.51687335938849,1,125.04383422732849,47.314232292159076,10.689554121405527,-0.10561438991537689,1,8,piano
57,91,non-conventional,statement,statement,119.86655388112388,58.96359951693946,21,60.03950797435773,12.30161785184613,12.617343789801343,-0.17244633183902644,21,7,phone
58,104,conventional,request,request,196.04611943240903,54.303765194280246,2,172.79077764480508,35.41422754847064,9.271331436958643,-0.39005617616461813,2,12,temperature
59,92,conventional,question,question,147.2473257829193,60.271331483700614,21,115.55698156734988,31.059432059747596,12.481802689650754,0.7270263992150356,21,11,window
60,117,non-conventional,request,request,164.23698128178856,51.60555043276529,2,115.58192607354333,24.731999855301442,7.967877183487846,-0.4921929282913486,2,1,car
61,101,non-conventional,request,request,147.16074560344052,49.93568912516228,12,77.48171870015018,21.394421160315957,7.740069077504013,-0.27355743187172266,12,1,car
62,128,non-conventional,request,request,123.88992356724174,48.166568916798305,19,89.51747123597225,12.564527860161895,6.5865860541764425,0.016691930936537973,19,2,back
63,67,conventional,request,request,223.03483940100006,58.69283745278243,14,218.7041141197928,60.26654153546008,12.47560464193137,-1.4514581454690738,14,3,box
64,69,conventional,request,request,140.8450595453074,47.307902680728866,4,67.20602459386983,12.344319804998705,12.521073295149034,-0.36979051549990144,4,3,box
65,51,non-conventional,request,request,194.6954564184065,54.64942530038171,6,169.02850847533665,49.83796645361461,11.663293020560426,-2.2812801942086485,6,9,soup
66,87,non-conventional,statement,statement,104.51198039564176,41.33012249941611,24,39.51663965732982,10.208291244237447,6.557280135877987,0.004908080929118826,24,9,soup
67,58,conventional,request,request,189.3215536792556,47.07439253284215,16,196.6452557798084,72.70985040275222,6.831582730008992,-3.2595500779553674,16,12,temperature
68,98,conventional,question,question,237.60142961320346,51.8607589169758,17,94.86385062561791,19.524527468564656,9.335291784983283,-0.13395671938899717,17,10,spanish
69,126,non-conventional,request,request,141.215591948882,43.46711932539708,12,124.45452094830583,28.550706489478365,9.039806133746058,-0.22236956182331039,12,9,soup
70,126,conventional,question,question,104.85787952894343,42.886647741307534,24,55.12687556938229,8.610736531640647,6.72269241675325,-0.01539517910804248,24,8,piano
71,127,non-conventional,statement,statement,104.050348959724,39.373325240853305,16,41.99171998894046,9.87365377315112,5.374671892316705,-0.008514821132897086,16,1,car
72,99,conventional,question,question,143.94056533262238,43.39240539631531,19,113.37089980655321,31.81992771853074,10.088949980052202,-0.22147310511410706,19,4,door
73,67,conventional,request,request,108.87689068712183,55.170890541557114,18,507.71759696078885,81.47476833078,8.444112139118053,0.02732831220214683,18,4,door
74,103,conventional,question,question,235.92083740740156,57.517469703989974,3,161.06867592718004,25.947106905398066,8.675996016364198,-0.10089716444157931,3,12,temperature
75,72,non-conventional,statement,statement,186.7452980902334,54.83153210518626,14,144.22915381362566,34.62559670563222,8.564181859250146,-1.1934259474377564,14,2,back
76,134,non-conventional,statement,statement,111.54538537461585,45.84880627888981,7,42.17094042776007,9.397722051442388,6.875688287839223,-0.08822149697680005,7,2,back
77,60,non-conventional,statement,statement,101.09980058068989,50.14031920269922,10,24.925333754622955,5.626054423682131,10.772496944005473,-0.10501888435623008,10,5,laptop
78,120,conventional,question,question,223.23498162322875,58.19599012976137,20,357.4937081620351,49.74648739363756,10.666937033765295,0.016018151068692893,20,11,window
79,114,non-conventional,statement,statement,116.39255395977888,49.183872496133155,19,77.53644055033712,12.599750999291892,6.804855262311096,-0.02458692658594166,19,2,back
80,100,non-conventional,statement,statement,176.19639332554033,50.94707329350282,20,104.6094912485713,19.662264141903748,9.064843249373231,-0.40807205329448515,20,7,phone
81,144,non-conventional,request,request,177.62642955972717,52.78109863365316,20,154.65879155633883,26.27166657614364,8.996631996590338,-0.4283762317960671,20,6,office
82,121,non-conventional,request,request,160.6973425398057,50.13218729670625,12,194.26343717765513,38.72952860406549,8.770624043106658,0.21915336834362703,12,7,phone
83,101,conventional,request,request,207.06191208505874,58.104278612252706,20,447.189078418623,77.96079295192254,11.540431312593288,-0.9564396808527447,20,11,window
84,88,conventional,request,request,185.9485556974374,52.65196605044372,5,168.67087899618352,46.024593277560335,8.443270199110609,-1.3279643424911933,5,8,piano
85,51,conventional,question,question,107.450771095469,52.577490439657595,18,58.58318086049894,17.146352927209644,11.288336759462156,-0.03885825460041202,18,3,box
86,121,non-conventional,statement,statement,117.79958413157088,37.91888261792998,22,110.4096484613025,19.742552483976198,4.198757018341737,0.003391239674705771,22,1,car
87,82,non-conventional,request,request,223.46092700589114,62.411964937031605,13,185.6603819078631,37.172755506547006,10.977021136328485,-0.9697350701166546,13,5,laptop
88,133,conventional,request,request,199.2937335086814,60.39929757441007,3,153.0339195077005,33.33443827414371,5.9352614638170955,-0.4356765725909662,3,11,window
89,147,non-conventional,request,request,236.9002124547399,50.02916623461938,3,139.40477079587723,25.39523992600336,11.85354787530741,-0.056335721864093635,3,6,office
90,88,non-conventional,request,request,201.07108894804233,57.14021225018378,6,131.4878809809082,27.44848688456923,10.843522899787462,-0.5336366685703782,6,2,back
91,71,non-conventional,request,request,138.93408042917022,48.54145799621928,19,112.9885033291734,23.790404945695354,8.775097303826303,0.3352216475926344,19,9,soup
92,104,conventional,request,request,131.44926072552192,48.58192088269067,19,93.23860308771268,16.08822019491864,10.33899785463428,0.007818188900825874,19,8,piano
93,122,non-conventional,statement,statement,99.92751852611183,42.7172817590827,24,56.306767710317004,11.781290742402042,6.891054053191256,-0.03361296853210079,24,2,back
94,86,non-conventional,statement,statement,210.12714132123895,57.01645071922369,13,427.34275813564386,70.67255797743775,9.918473166062844,-0.9648325887095774,13,1,car
95,110,conventional,question,question,124.89646161513822,44.76251097234594,25,59.83820637150663,14.787819786851566,6.355724607108608,0.368098139818641,25,10,spanish
96,86,conventional,request,request,108.30657649983374,53.51456695754204,9,487.8214424322392,52.237148670681364,10.539738915274402,-0.021131134522056994,9,12,temperature
97,132,non-conventional,statement,statement,181.48628443847608,52.92539093769538,5,134.3274634772014,28.936475710164416,7.531397426196901,-0.33179220311218477,5,6,office
98,102,conventional,question,question,173.05582174310504,45.40046032978286,5,125.02412420028512,37.25758165778398,8.572840791573945,-0.9055355065624553,5,4,door
99,135,non-conventional,request,request,142.8273906477827,48.27627983123206,12,73.59290726865785,20.651433539350275,8.28147561601243,-0.19735594105484414,12,2,back
100,95,conventional,request,request,134.86431362004151,48.94679332296128,7,88.9555838251789,24.367948562476222,8.062000350766077,-0.23607754351558494,7,4,door
101,66,non-conventional,statement,statement,112.00337170300922,47.41108119851487,7,47.2792150834688,9.187333141635934,6.513659234510715,-0.009954992660125154,7,9,soup
102,118,conventional,question,question,131.91522098773297,46.0436332832695,19,114.23820191942673,29.938782750406922,8.661643437158062,-0.3075878762367564,19,8,piano
103,140,non-conventional,statement,statement,127.55547978850277,39.16594807837338,22,158.01492518696165,36.008773261277504,6.083992704623568,-0.35452887638372677,22,5,laptop
104,44,non-conventional,statement,statement,224.32507392105373,54.474154696310706,14,439.4122877956,83.41122848623033,10.944390247861858,-0.04179077601424166,14,9,soup
105,65,conventional,question,question,116.08812841219492,54.04458746622856,18,71.30066022067888,23.059273773643625,12.786815607274482,-0.10790646870287467,18,10,spanish
106,74,conventional,question,question,286.9443012635583,52.65044028836545,13,187.2360784616403,58.99211708282734,13.670634367368676,-1.8113901639844272,13,3,box
107,109,non-conventional,request,request,201.29298775070606,54.233424193172475,20,367.5441891844647,75.48900334149316,10.081810772968408,-0.8506122413662258,20,1,car
108,107,conventional,question,question,115.76268456492669,48.35872948943005,7,46.70704942553175,12.403789483825017,7.740205090376486,-0.12670425489409878,7,8,piano
109,125,conventional,question,question,202.07873916777314,63.476888764721565,14,173.95578483016456,35.20758039679389,10.358339123196481,-0.1659204541246725,14,8,piano
110,81,non-conventional,statement,statement,129.69222523420044,49.30696288623102,19,80.01028420306977,18.460125714075428,9.136072490924377,-0.15600537949722448,19,9,soup
111,100,conventional,question,question,206.5503895930364,58.158036767130746,6,454.260851022054,68.37127804609288,9.675781678439352,-1.0202652928800324,6,12,temperature
112,218,conventional,question,question,107.53829437346896,42.97896632981798,22,34.95154385236452,7.962479969055283,6.663824108505829,0.050038492211446954,22,11,window
113,75,conventional,request,request,253.94222667284552,59.03303106332069,13,229.46305594231836,62.77274586672924,14.141533601734743,-2.3389033754626958,13,4,door
114,135,non-conventional,statement,statement,119.3692922809188,41.83465306929703,22,126.25087349390199,32.96474647195071,6.545477337750512,-0.3194888032470099,22,7,phone
115,99,conventional,question,question,225.67220580630288,53.35863365108475,20,394.17050852857665,57.35957235784231,12.285557642010536,-0.35470489178445835,20,10,spanish
116,128,conventional,question,question,116.95474022101135,43.23487793470327,7,47.56651573342313,9.187724053489768,7.270300287806751,-0.0840727914997743,7,3,box
117,118,non-conventional,request,request,161.4960427383197,50.67403918097066,17,159.97688676291625,53.067005624181334,8.35351504980789,-0.8264582065250834,17,7,phone
118,126,non-conventional,request,request,121.92936620890951,45.61241007074141,8,22.698617063697952,4.969492768620024,4.559978831694013,-0.01023766393246332,8,7,phone
119,140,non-conventional,statement,statement,114.03789063354128,40.42859119040952,22,128.92219052633368,24.363697042226942,5.358426259108889,-0.11362796607800107,22,2,back
120,93,conventional,question,question,106.7950164586544,53.30884401405778,9,35.408717615325216,7.817286872423382,10.96155177671797,0.2266834715710981,9,10,spanish
121,111,non-conventional,request,request,177.14287637036958,50.56613829193976,17,214.7570993526242,53.975286426088246,7.55546251479754,-0.9397572522990911,17,2,back
122,92,non-conventional,request,request,127.45711008724977,42.90100027242863,8,96.61438367552043,16.99393106250113,4.9184537108978,0.0689748728090145,8,9,soup
123,74,conventional,request,request,134.13822184669272,54.96831991069,18,511.3331053072148,105.17729231039533,9.56507120165052,0.04507251911684111,18,12,temperature
124,82,conventional,request,request,137.053422095636,58.61999451945271,21,48.99921828857255,12.245549925001146,11.964120407897273,0.25070814451240797,21,10,spanish
125,139,non-conventional,request,request,163.7253819145267,50.35552556126218,5,147.8607444728242,27.909396458329415,6.153911155413887,-0.2979913747038491,5,6,office
126,120,conventional,question,question,141.38529358085495,47.80296536704776,19,111.98311479382224,29.68395912919282,9.66448490649932,-0.06909908650314246,19,12,temperature
127,140,non-conventional,request,request,148.67903108150028,48.24240688642765,16,193.2534961103548,59.87742461460041,5.9351853245227915,-0.7668651114444215,16,6,office
128,138,non-conventional,request,request,110.94172892274172,43.602051133502876,25,67.11964303047515,11.764273244289981,7.057944478463699,-0.0766175034127059,25,7,phone
129,112,conventional,request,request,201.14629687249837,54.662890137531924,5,156.17796558379612,32.93054688187248,7.414704994161465,-0.47081867567408475,5,11,window
130,131,non-conventional,request,request,175.07420182945114,51.26533634554624,3,186.21619356982643,55.57982943367083,7.962664420104119,-0.43494304942582657,3,1,car
131,121,conventional,request,request,135.69439787983097,45.715682479068576,16,159.6058470698188,43.51653961558573,6.381852876928831,-0.590273475784986,16,11,window
132,93,conventional,question,question,219.37110425346023,54.771095074050834,3,190.17694336768173,36.93856151396483,10.311138658655418,-0.8109674282889694,3,4,door
133,85,non-conventional,request,request,189.11464517298086,60.10325685890979,13,172.28464296103,52.18046383832353,10.534086616979703,-1.9220491448260508,13,1,car
134,126,non-conventional,request,request,186.31451289972995,51.68959790360962,6,330.1253795810333,67.99827497553558,10.151184052760273,0.14620622709790332,6,5,laptop
135,83,non-conventional,request,request,161.80650218336007,52.90943324580037,15,153.08426519693273,48.438511634337424,8.900841031241635,0.027644377983181107,15,5,laptop
136,71,non-conventional,statement,statement,185.5840703845428,47.49972915712043,11,187.7180226061028,61.19059180506468,9.021040668232638,-1.2417375522770677,11,6,office
137,52,conventional,request,request,193.95523489124082,54.03854287308692,15,206.76348288629384,64.0924324458622,11.279166034000973,-1.9885844682817568,15,3,box
138,52,conventional,request,request,208.9433926366616,49.19884930425444,5,121.93035158340916,25.022031821001306,10.236647217459545,-1.2690938558033324,5,3,box
139,123,non-conventional,request,request,123.74330926664726,45.60519198899199,8,42.231113079922295,7.863221506490744,5.416834146911417,-0.06086855044059655,8,6,office
140,135,non-conventional,request,request,146.63787836791485,40.0898901208845,22,156.79974828512363,44.964268001556995,7.067923448778032,-0.6964689660414412,22,9,soup
141,63,non-conventional,request,request,87.4994939833341,52.590110733193924,18,36.7950903725512,7.789826799752201,10.653892088538912,-0.17667609222558261,18,5,laptop
142,114,conventional,request,request,123.1446593105034,43.73798969961805,8,53.41060357855595,9.365451033392002,5.687842546708886,-0.06578378418650062,8,11,window
143,119,non-conventional,request,request,206.3288795108304,50.075771752677184,3,193.45435342009569,22.40083729212858,11.60128626706828,-0.1857867950387705,3,2,back
144,106,conventional,request,request,166.69744939489397,45.04549599233971,16,418.613059673264,97.44568604367939,5.44332036483422,0.5130581253743249,16,4,door
145,85,conventional,question,question,193.15290416669515,52.56185060229698,2,139.99052522698767,24.43617009061614,10.048581317154943,0.08019476684537973,2,3,box
146,136,non-conventional,request,request,216.46472967152908,49.82320712104009,11,175.49410250496572,47.58108806885804,10.99887765676588,-0.20325250189563948,11,7,phone
147,143,non-conventional,statement,statement,151.37785625471426,47.72544602077337,1,442.2913314358284,78.4336445723937,7.902099488839667,-0.0927363372304599,1,9,soup
148,92,conventional,request,request,218.53459098142577,59.65466270392472,6,359.7355182711308,58.27861934084583,11.220488236217607,-0.24929443195365653,6,8,piano
149,110,conventional,request,request,177.33696021956735,55.853454334252724,2,144.1476162318463,26.131615655162516,10.562662063421378,-0.5275628913659357,2,4,door
150,95,non-conventional,statement,statement,127.02944262585858,58.97028953720069,21,136.75353899490824,21.580813628279977,11.497250450928625,-0.26648133825563175,21,1,car
151,117,conventional,question,question,149.65553075996576,53.44603344749541,1,142.92397579057013,43.64175852233964,9.133571280620277,-0.018405158288977118,1,8,piano
152,79,conventional,question,question,165.65375226162763,48.81955484810629,12,121.18733031586216,29.883057325323037,9.458885671260028,-0.15506563006135918,12,8,piano
153,106,conventional,request,request,221.66051901552484,55.28696121102179,20,100.40034602989891,23.912793391479205,11.934130567409019,-0.3033448948885677,20,10,spanish
154,100,conventional,question,question,137.8346415731332,47.636121731568664,16,184.44457868883273,51.72636132182411,6.551570663212888,-0.06573978769059892,16,3,box
155,80,conventional,request,request,264.98749360695456,63.08911971370534,13,121.30438001555271,34.405217219225484,14.025853382822609,-1.0851724561546006,13,12,temperature
156,150,non-conventional,statement,statement,118.78960268882487,38.442834563481966,22,140.29542314849215,23.805030770199227,5.453909167969072,-0.06447899169454406,22,9,soup
157,89,non-conventional,statement,statement,149.50853786916892,50.640885477235024,1,68.0621344687982,15.779366779055568,8.773309943722879,-0.4507794373778655,1,5,laptop
158,127,non-conventional,request,request,121.33878561816775,43.274459997853356,8,55.25042243811913,7.389707830037698,6.040137570855689,-0.055927422233521616,8,2,back
159,69,non-conventional,request,request,234.60539182802006,50.48322375061283,17,518.0552015169561,85.6344035107548,8.643114120615115,-2.5544713491359117,17,9,soup
160,254,conventional,question,question,136.14460315311067,40.805777348746645,22,121.83260807062493,39.84083170293778,6.777947227819063,-0.32729365621587525,22,8,piano
161,69,non-conventional,statement,statement,96.46221470815695,48.531377407446165,10,58.15300710182977,11.574183190215104,9.58690630668542,-0.3237132195807073,10,1,car
162,88,conventional,request,request,126.02287143809008,49.89083291183748,7,79.17803075032496,18.303370618042187,6.9957817357093806,0.21654462832542035,7,12,temperature
163,158,conventional,question,question,222.0818041779905,55.65364593064233,3,438.9241154450996,72.5808489747249,9.393355685005744,0.5568364332175345,3,10,spanish
164,112,non-conventional,request,request,191.00311712203117,50.39940186911272,20,117.45338009442614,31.65863453348016,11.183145927853353,-0.7969004866098832,20,7,phone
165,103,non-conventional,request,request,183.11968125617452,52.36388143499232,3,379.487902167323,60.41546214969397,9.796926026059396,-0.8835145937973495,3,9,soup
166,100,conventional,question,question,204.40678210663071,58.37716664353815,6,264.81320173587346,38.379103067326696,10.250690463443641,0.08940180860365139,6,4,door
167,141,non-conventional,request,request,103.49629410260565,41.668835312384715,22,47.42908994464905,9.559010879468715,4.127236273745973,0.026279954593789085,22,2,back
168,90,non-conventional,request,request,107.49540038615734,44.02118302326493,25,48.55535274083465,9.982714075288797,6.847762630169408,-0.1858930506902089,25,5,laptop
169,77,non-conventional,statement,statement,93.9341906097674,50.340828805305144,9,38.408337309393175,10.941458381528552,11.35845659088556,-0.32294591427911196,9,1,car
170,81,conventional,request,request,107.60410178099022,49.480915248740416,9,466.8218192809471,69.82939975959955,11.792064451816515,-0.664062754045788,9,4,door
171,152,conventional,request,request,146.9715222637512,42.5273575922922,22,339.7276405753256,73.1003449821042,7.229135255222073,-0.11980924333216303,22,10,spanish
172,105,non-conventional,statement,statement,130.20644425595233,58.14446275674311,4,55.41126872059698,9.525972022372146,8.807125195680339,-0.21176744464415448,4,5,laptop
173,104,conventional,question,question,215.39483814450935,49.87659867510488,5,387.20087409480163,79.83440311911275,8.23603917141902,-0.9157127262799253,5,12,temperature
174,113,non-conventional,statement,statement,137.83012798064365,48.24888290259199,12,88.29384879492162,14.372454419811922,7.808093564457328,0.06272339154703228,12,2,back
175,111,non-conventional,statement,statement,145.93566872208092,46.93701854998144,1,124.41650321612435,28.643028447224065,9.128913055638863,-0.20722049033197013,1,2,back
176,100,non-conventional,statement,statement,106.08324325352274,39.365990010215384,24,49.98663891545668,10.964612715919861,5.9084211688918735,-0.12924004005200765,24,1,car
177,84,conventional,question,question,197.7957906135549,56.653935418177085,6,138.6934342407036,23.863388855762633,10.506221287441967,0.05071102829126646,6,10,spanish
178,99,conventional,request,request,213.21603615930923,58.661358620455715,3,267.8086380421005,39.62117021501211,7.387643876981704,-0.47711356319925347,3,8,piano
179,124,non-conventional,request,request,189.19202907619953,60.89891265769882,14,145.52691836234686,35.619635006405524,8.931187978668904,-0.5326074313282994,14,7,phone
180,94,non-conventional,request,request,126.93157924753713,58.387123963924,21,46.162655076675065,10.41978701493198,13.743632281663636,-0.09555401445614774,21,1,car
181,90,conventional,question,question,101.88706622388393,48.64137979194916,9,52.83867194572822,13.593327943907184,11.745175263315145,0.06250437717631854,9,3,box
182,106,conventional,question,question,136.19097197686267,43.63805438547421,19,120.53555781606538,25.42394407282106,10.666338736131078,-0.2652354239634531,19,3,box
183,71,non-conventional,request,request,97.19751111116322,49.39374404004865,9,49.608554333074935,15.404357256332302,11.576377745176387,-0.6381204435717545,9,7,phone
184,134,conventional,request,request,105.99500299179003,45.73681944513069,25,59.2190751257109,10.71796184206707,5.544867093820319,-0.152540974422418,25,11,window
185,100,conventional,question,question,106.17861466287988,44.40142602068252,24,46.46795047811659,9.52255566373805,8.293261405506783,-0.08556591924592782,24,10,spanish
186,101,non-conventional,statement,statement,144.73850836788813,59.26702643274838,4,106.48620708972278,22.82669326907612,7.957039190888646,-0.33701628168788456,4,6,office
187,115,conventional,request,request,107.9421232649553,44.186584803352716,24,40.05568579520305,9.909024451300407,8.428153040064183,-0.039392132406908136,24,10,spanish
188,123,non-conventional,request,request,109.31695025486171,42.98410816021677,25,59.88793205454127,11.365591327523473,4.674357038271776,-0.20970412023874116,25,6,office
189,77,conventional,request,request,195.34864245107875,53.73838055849938,20,85.78377497447482,17.821916853241,12.235095108795266,-0.3979758095660914,20,3,box
190,105,non-conventional,request,request,105.17805742181996,43.056454055393154,24,73.68241755148827,12.36213086035187,7.90536963283734,-0.26961915050235197,24,7,phone
191,72,conventional,question,question,145.41484314643307,56.10979304141382,18,506.33980305304635,124.24007060198333,9.288202699580523,1.598619610595543,18,12,temperature
192,101,conventional,question,question,187.59891746853222,56.56305643964497,2,65.06451815396684,11.604392519335569,8.999692408554765,0.21057597393275965,2,4,door
193,88,conventional,request,request,141.70237981741894,48.37386888895317,19,64.76565697376375,12.815758072997365,10.311014386050163,-0.19000901872846443,19,4,door
194,112,non-conventional,statement,statement,154.1398066661084,55.973134843445465,2,99.0032218835401,17.165490428166336,7.55785445505849,-0.37635848919511794,2,2,back
195,92,non-conventional,statement,statement,166.36974295392847,47.346725354204004,11,149.3608007292417,46.817496713725184,9.02309299090582,-0.6513256014714663,11,2,back
196,46,non-conventional,request,request,242.10059557041586,56.657737663719,13,229.67238606994854,59.33618896275992,12.37522056893912,-3.814105816318781,13,9,soup
197,129,conventional,question,question,152.32937790828421,51.28161634421519,1,109.22442086235881,31.69719005774447,8.723790518560907,-0.0905818762514877,1,12,temperature
198,75,conventional,question,question,134.29297611001118,61.451329484580256,21,45.434961047432395,11.08651504046321,13.626764307871264,0.26672430138812486,21,8,piano
199,115,non-conventional,statement,statement,141.76908956182274,54.94919324212153,1,121.05604530118482,29.925393791632832,9.110751631373114,0.014651875390980902,1,6,office
200,89,conventional,request,request,108.46369248285586,44.371847589935236,25,47.61969026842023,8.862104975643827,6.158013070520839,-0.2712666229860196,25,10,spanish
201,74,conventional,question,question,143.71592462620336,56.97505360297324,21,75.20846501606788,20.14836773560386,12.050287753067204,0.6022203544767714,21,10,spanish
202,64,non-conventional,statement,statement,124.26107811299539,58.16305557879831,21,56.1865767730892,11.800001469935724,15.253763228554893,-0.38291599663098674,21,9,soup
203,86,conventional,request,request,230.9239287266932,49.89628937158951,17,446.27787619898123,82.71280281542082,8.660412901838667,0.017254394259974336,17,12,temperature
204,84,conventional,request,request,130.12433396417114,49.63830923990524,7,81.12633982118574,21.507343406466415,6.82889800658667,0.145300932730608,7,8,piano
205,56,non-conventional,request,request,116.94146642480928,50.327200182642976,7,30.795469354980213,8.092197432688904,6.880777037430215,-0.2715185285728999,7,9,soup
206,59,non-conventional,request,request,101.76691770972873,48.96066636101967,10,47.71251537733542,12.504359541853233,10.442671231648873,-0.18890551366089758,10,7,phone
207,52,non-conventional,request,request,87.4141273272744,52.08674336639524,18,33.745923732661154,8.721214734221283,7.528919740929671,-0.3467468691997132,18,2,back
208,118,conventional,question,question,139.7605934563865,48.10120523062034,19,133.2872649254463,24.245803358649933,8.366866905817615,-0.004860451925852303,19,10,spanish
209,106,non-conventional,statement,statement,169.51283122907788,51.047018183121544,20,93.71786655878005,17.978569167614275,9.438273721461641,-0.42040787271709384,20,1,car
210,110,conventional,request,request,198.86848804905944,53.76288315181432,3,164.93630907973454,47.979900642412886,9.824080767816927,-0.4462816763646621,3,12,temperature
211,66,conventional,question,question,197.05523817493574,53.15931155361744,6,131.7357958254712,23.699649334420247,11.456515423465428,0.0012293075676857487,6,3,box
212,109,conventional,question,question,143.02204829455633,48.25734049402558,16,176.90233203956922,56.19706676832933,4.983773318011727,0.04202253703677704,16,10,spanish
213,114,conventional,request,request,143.3354563066576,49.11593559820518,12,104.2101083502974,28.457399701682476,9.17512903129537,-0.4135786644030318,12,4,door
214,85,conventional,question,question,165.2645627456139,45.636609086798224,12,107.76924051521674,19.6987878469002,10.487320846245511,-0.05334510713087673,12,3,box
215,223,conventional,question,question,179.2795010023052,48.42156022295053,11,451.3144239558323,66.44861702452759,9.112137134362955,-0.2842789085934329,11,8,piano
216,103,conventional,question,question,214.31254555289783,54.29434705043275,2,64.3977383243618,16.996057002631147,9.401964942442016,0.4997054523857783,2,8,piano
217,104,non-conventional,statement,statement,173.77900835028322,52.638675662226944,11,176.0895739133395,61.67685110687337,8.719333381902196,-1.4733873391469383,11,1,car
218,45,non-conventional,statement,statement,195.2224361236237,46.95129735324987,11,326.542136865084,70.6918554196391,9.32757964815574,-1.5938030839850938,11,9,soup
219,65,non-conventional,statement,statement,172.14041396735203,53.171965350560676,2,127.92754482286234,34.870270387809896,9.718536608963758,-0.6895959729867187,2,9,soup
220,107,non-conventional,request,request,119.12458884078845,58.83453031702648,21,38.22682230420037,10.058856834177409,10.160906204274372,-0.12282764983727387,21,7,phone
221,59,non-conventional,statement,statement,198.3735842566341,53.6066798484593,14,185.44297344436606,41.24156453000929,10.365248669080007,-1.3043633103631045,14,5,laptop
222,89,conventional,request,request,203.3028948040631,59.16096540440082,6,189.51889467879977,40.496573746835885,11.430690471674142,0.14719834435582424,6,4,door
223,116,conventional,question,question,115.16554888194841,47.54138990925763,7,42.142727524919835,8.01381578585558,7.131372110632011,-0.06870728199747149,7,4,door
224,118,non-conventional,request,request,194.7603427411957,56.14089428397609,13,167.65674724750048,41.57096964977276,10.53838419154873,-0.7432804206595688,13,2,back
225,142,non-conventional,statement,statement,120.86554663048037,44.759317933808724,8,69.00236389957594,9.793575486976646,5.925684735238811,-0.06650958210921809,8,1,car
226,79,conventional,request,request,181.3970270521139,52.56284192010002,2,70.1550833405934,19.136946654151632,11.204950759684982,-0.6528725789849861,2,3,box
227,105,conventional,request,request,139.89645867165788,46.1300068107374,12,62.690513652195236,18.91912896103312,8.619825884469291,-0.41216192975559657,12,3,box
228,97,conventional,question,question,157.15853623583848,57.439220500139456,4,99.25621707677521,22.56388460757289,9.74279203203132,0.41998933614184747,4,12,temperature
229,107,non-conventional,request,request,153.10805239687468,58.783692361740194,4,137.12191707042467,25.805181744963814,11.70316113873483,-0.4910604456591792,4,1,car
230,89,conventional,question,question,254.2950755267959,57.400851877627,13,161.58185604587908,37.67486949708848,12.5892044219905,-0.6466946502480927,13,10,spanish
231,101,non-conventional,statement,statement,120.63779983443933,61.303828065842175,21,47.66742107794923,11.393452643522009,12.313274208014134,-0.16041199926879354,21,2,back
232,128,conventional,request,request,122.37035005030408,42.81188733212721,8,59.12460403699093,8.222676720404529,5.208373733417952,-0.01714148016713528,8,12,temperature
233,149,non-conventional,statement,statement,108.44269648758117,41.397635590848076,25,64.17524058140805,10.919988901697323,5.949595246229252,-0.11528388651876102,25,1,car
234,91,non-conventional,request,request,86.24866489684636,54.85765053269506,18,46.95488763961045,9.729871313111973,8.424887454119984,-0.26378487969933795,18,6,office
235,44,non-conventional,request,request,124.78205318218411,51.85053389870698,18,482.3194932807467,109.2184512589439,9.292693080643797,0.10039121285609816,18,9,soup
236,125,non-conventional,request,request,122.20671271764327,46.772438398263965,7,104.50026928461791,25.120351194749414,6.00298601124161,-0.3484320237311526,7,2,back
237,82,conventional,request,request,95.47375823917925,57.98976494616835,18,37.27481362081164,8.72571134291126,7.902840657838593,-0.003696306632364787,18,11,window
238,97,non-conventional,statement,statement,178.63452006470948,48.538848074007106,11,206.9009926829818,69.48986001250572,9.882168875924624,-1.5620455686742099,11,5,laptop
239,129,non-conventional,request,request,118.59438250438127,41.72527572027512,8,49.22837812450196,5.9768248526006476,6.175370091175938,0.01446084689760408,8,5,laptop
240,99,conventional,request,request,194.09118959489135,54.934759719067564,2,73.17943382947715,16.40662718761597,8.913355193806705,-0.34277464824694054,2,8,piano
241,99,non-conventional,request,request,199.78423330516418,57.63038634121017,6,178.26422409585655,28.886563767751838,9.366602142746055,-0.6170054266542851,6,6,office
242,142,conventional,request,request,110.84809359993184,42.18214747895349,22,34.867617751521266,7.3052814353253455,5.892118032975271,0.03125159464902044,22,12,temperature
243,110,non-conventional,request,request,150.02687434144545,44.222434500832705,16,385.0378171500814,86.39986136330121,7.1004378912642725,-0.4785075252174735,16,5,laptop
244,114,non-conventional,request,request,165.547982917834,48.932240697563074,5,157.19626196125205,40.30062055569325,8.665021605334461,-0.882517758392628,5,5,laptop
245,96,conventional,request,request,171.03697130591095,61.36163733018981,15,201.1333445008301,67.65709704704466,8.026801686077086,0.27388281134589404,15,11,window
246,103,conventional,request,request,196.12594566680815,59.71125499800353,6,195.833721371231,46.80316434390515,10.519593967178118,-0.5839347668744067,6,11,window
247,115,conventional,question,question,267.3222657388055,57.35971643391883,20,259.6461797595648,50.713433321901405,11.91377157008961,1.3251335822141643,20,8,piano
248,41,non-conventional,statement,statement,88.28390323411631,52.19674017830115,18,30.215289762827794,7.530866095627723,9.785295199153145,-0.36190112777424965,18,1,car
249,71,non-conventional,statement,statement,185.72237206991477,52.08500320119644,20,161.64914242842514,36.32472153004338,9.257427581910626,-1.2688828264346539,20,9,soup
250,78,non-conventional,statement,statement,130.59687337859927,47.5560814112689,19,69.77056674949276,22.256109353157022,9.044376057655208,-0.3613793798286253,19,7,phone
251,115,conventional,question,question,252.57219438803168,62.60916789855244,14,359.5654042619019,58.806739584882806,9.689913218751906,-0.10211536781476462,14,12,temperature
252,144,conventional,question,question,125.18656900468517,47.62674314551945,19,183.13425939757738,29.456856730611182,8.213011553285641,-0.1907285223923991,19,11,window
253,109,non-conventional,statement,statement,134.76629918675857,46.5730448262426,12,51.367149690344775,13.335533834396754,7.681757128108846,-0.03283973652655529,12,5,laptop
254,111,conventional,request,request,170.61119159482445,52.17127891861961,1,129.2054311454101,32.4010683339981,9.198628961695235,-0.33825211368836694,1,10,spanish
255,126,non-conventional,request,request,119.48852942776294,59.76701219011232,21,44.45344466670281,9.309861327890617,14.298417517742688,-0.10540630805269491,21,2,back
256,107,conventional,request,request,224.00138929112637,53.4139275921663,17,225.9592812151392,66.94901532203029,8.162533889741795,0.2766696468699643,17,10,spanish
257,89,conventional,request,request,150.6062882784799,58.991592457816274,4,74.587807893852,17.9178688132984,9.765024734436299,0.2784562354000795,4,12,temperature
258,143,non-conventional,request,request,160.94071468172305,49.08291910168941,5,176.32903723785273,35.06105801726005,7.290338613384624,-0.3336303147451171,5,7,phone
259,164,non-conventional,statement,statement,119.2959438160944,45.89163792196901,8,60.089191483382535,8.543066564050502,6.887278081036416,-0.022850528067883374,8,6,office
260,101,conventional,request,request,151.93972059133307,47.17224848189877,12,405.416701725356,63.93268695632857,9.698024165088363,0.10272813246029096,12,8,piano
261,104,conventional,question,question,218.66098790135646,51.84832012624043,20,82.27832139945616,24.06216758765031,13.057810552795182,0.7241872309528433,20,3,box
262,98,conventional,question,question,234.4579075013845,54.76627608842897,15,465.8949940675061,132.6522452109807,9.547289784083745,2.1845189903452833,15,10,spanish
263,97,conventional,question,question,108.49000530648806,57.97459890855215,18,52.39206695270083,15.159668617515216,9.601608990259503,0.026942262709551187,18,11,window
264,37,non-conventional,statement,statement,116.08866886215917,53.42992275528329,18,505.53093240264974,109.04548948608172,9.900925416506526,-0.8177931495474603,18,7,phone
265,135,non-conventional,request,request,104.90867594765568,43.67347885848686,24,65.49288613786634,12.562930532826922,6.681103718776571,-0.15698630751300321,24,6,office
266,138,conventional,request,request,103.20354432726819,41.64927512083506,24,56.17131995624936,12.689927623692814,6.688854873295716,0.09318534854194692,24,11,window
267,94,conventional,question,question,234.221432644659,53.64886560129733,20,462.2205740410914,64.48297114987162,11.227951291022373,0.5206044347890693,20,12,temperature
268,122,non-conventional,request,request,205.2221160674292,51.1475577765553,11,196.21338287539868,60.94991228918843,9.20398764250653,-0.314565216676049,11,1,car
269,159,non-conventional,request,request,142.48182034399383,48.170676793734685,1,107.92423686060468,27.576175667323767,7.9964638111298685,-0.17145118270607976,1,1,car
270,94,conventional,request,request,141.28639243586912,46.5538151980236,16,422.58804559024276,81.22840268316818,5.170103379002867,-0.9611811545660022,16,10,spanish
271,170,non-conventional,statement,statement,138.05128782026927,48.0548732219429,1,104.76055231798705,25.960774751106435,8.317358826197387,-0.06498532381884319,1,1,car
272,87,conventional,question,question,194.35168541977967,50.52039156081019,17,457.9914289207394,90.23146392255386,9.336418196296671,-2.607969570848121,17,4,door
273,111,conventional,request,request,210.5945746292859,54.88108133459691,20,372.9225659442069,39.04815166110672,11.982540342232253,-0.6655116476096885,20,4,door
274,94,non-conventional,statement,statement,185.5714170572734,58.19328595924871,3,168.9167859052202,48.614688054869745,9.198177125850076,-0.514730886918501,3,2,back
275,124,conventional,request,request,118.83710970375262,44.52787911390806,7,50.91469162173814,8.459202650447976,7.00519578994338,-0.04335797847213967,7,3,box
276,75,conventional,request,request,240.38830333028744,45.712374641261064,17,444.28696915618616,86.14638941014198,11.679788878625196,-2.05166690942443,17,3,box
277,98,non-conventional,statement,statement,98.61034777099965,53.615247297015486,10,47.305685097052475,8.372022544552333,7.971807654257615,-0.15432051687761703,10,2,back
278,70,non-conventional,statement,statement,220.56050910490396,48.45652089014024,17,402.11586533751483,78.12056154808849,9.486920857679381,-1.5956725497874296,17,5,laptop
279,135,non-conventional,request,request,190.37039794282524,58.76707958551866,14,166.24185186831,37.7492794659996,9.480488197995392,-0.7733401772123868,14,2,back
280,153,non-conventional,statement,statement,160.09202089957668,50.59171130052341,2,144.8733813744659,21.74978281587751,5.577858601574526,-0.1255302576129517,2,6,office
281,187,conventional,question,question,110.1996797694205,43.51578279229959,22,54.79391067054469,7.1679525375229804,7.662701394333571,0.02624321698846787,22,10,spanish
282,178,conventional,question,question,307.9186498064536,48.80964808048787,11,297.0420241847062,72.97161692248434,7.925308240583576,0.6019944658717598,11,12,temperature
283,119,non-conventional,statement,statement,176.04610076376193,52.206992556668624,20,70.65252674523464,15.590726106787544,10.297650154133178,-0.3901565616028208,20,2,back
284,88,conventional,request,request,194.03838333589,53.66168375367665,3,178.9210853899174,41.97062165300792,10.389595073081594,-1.0130216646340604,3,10,spanish
285,45,non-conventional,statement,statement,86.79138799535158,50.96723742590448,18,27.728801788428356,7.187470447126284,10.502001926597382,-0.4938491762646855,18,5,laptop
286,74,non-conventional,request,request,124.00127314479404,56.58563730183968,21,52.81303614652646,14.54179135956791,16.497287743500966,-0.3994533320158951,21,9,soup
287,56,conventional,request,request,117.44336701022219,52.62995182919844,18,501.2459766220858,97.24304449805102,10.322470768379068,-2.4125744503058533,18,3,box
288,125,conventional,request,request,122.19295805948047,43.94730287136434,8,42.923047433224696,6.48048888979704,5.97133516012893,-0.0625398656821392,8,3,box
289,84,non-conventional,request,request,111.27917540502291,50.02160070339174,9,514.7637089084687,58.41645682419128,11.205580342673116,-0.5105499157475673,9,5,laptop
290,105,conventional,request,request,133.2288474318612,49.60641193271588,19,92.41862151347837,18.223525019994117,9.579153554392418,0.1020960954079596,19,11,window
291,97,conventional,request,request,228.03687907089088,54.19372446545906,17,415.1379929433963,43.63495786006706,9.469687482122847,-0.19552091381153522,17,8,piano
292,104,conventional,request,request,114.42826091021638,43.55549916482665,25,48.2060415078941,8.593620411633621,7.530862825659759,-0.044496465561412075,25,3,box
293,109,non-conventional,request,request,135.1469070846435,50.28714327841707,19,82.73447363914813,17.026430523902548,7.667493052174367,0.15639178788701882,19,6,office
294,81,conventional,request,request,117.05375933934015,50.60488769623333,7,47.09744630428344,8.317229927062536,7.963503441858168,-0.17118670573051845,7,11,window
295,88,non-conventional,request,request,211.3872692107304,49.416035427487934,17,426.14486904800145,77.85044923951627,9.121568067869699,-1.2835609488797164,17,5,laptop
296,135,non-conventional,request,request,153.06812941147925,56.44265987799602,4,395.44651093666397,56.75841884165684,10.080501823412161,0.06284330492184757,4,5,laptop
297,96,non-conventional,statement,statement,173.9804758041802,49.49021312864209,20,132.20072147141315,23.44633889521156,10.706709894300593,-0.599577515152252,20,5,laptop
298,105,non-conventional,request,request,181.62206187904098,58.51891514884989,14,189.11589542563019,59.01514474076706,10.155069854640184,-1.6279654087366529,14,6,office
299,142,non-conventional,request,request,115.29983586942892,46.13523091471269,7,55.84679246330698,13.541455026888517,6.159741328243027,-0.1889966012247485,7,6,office
300,126,conventional,request,request,111.80901559377548,42.45745893273285,25,49.145759749272926,11.040592920200067,6.070840308395754,0.09455503448112038,25,12,temperature
301,143,conventional,question,question,150.04149357610575,46.78894931316967,1,100.62035846617854,27.393098627296787,8.51663822890282,-0.17723729189171816,1,3,box
302,79,conventional,question,question,113.45448737369146,45.594257455743524,25,81.06673509062686,15.412829356188283,6.55111824412599,0.26389985006235467,25,12,temperature
303,126,conventional,request,request,189.91517934702608,57.614003375483655,2,399.8429104696992,48.12986481178119,9.85138678816572,-0.09502893864037752,2,10,spanish
304,100,non-conventional,request,request,126.85173949900957,47.71681520991634,19,82.65394214114045,16.47130999060092,9.152820887309623,-0.20605499917746978,19,7,phone
305,86,conventional,request,request,174.3159055236738,57.68337084396715,15,156.2419887990569,38.41737301047598,10.601472349719826,-0.3431618191170195,15,4,door
306,94,conventional,request,request,186.46781649030498,59.84495329872328,14,209.51923145436638,67.43120302391165,9.93944935478006,-1.8817786610124407,14,10,spanish
307,140,non-conventional,statement,statement,108.33680960164031,45.096835432915796,7,49.31603802022963,9.249465244978643,6.77807710668081,-0.08982039625465113,7,6,office
308,107,conventional,question,question,146.8972592201416,48.98897416482103,12,69.80653858072456,19.24484944121259,9.204731142859218,-0.2071906634200185,12,4,door
309,99,non-conventional,statement,statement,109.10056146458517,41.68786110026819,25,50.263523319535835,10.034902629629178,6.344531933276979,-0.21361261745170546,25,5,laptop
310,80,conventional,question,question,125.15351097220909,54.000609849291095,10,60.57467992246981,16.088505498373994,8.877532343072119,0.6158045262914924,10,8,piano
311,114,conventional,question,question,213.51511670703508,59.613146169234696,3,164.5175334774985,25.563503795867575,7.241799687590163,-0.1201618134998853,3,8,piano
312,130,conventional,question,question,121.55454765990261,44.53854279817486,8,30.328569196900304,4.893557588983965,5.3235484674927855,-0.03516986906010894,8,12,temperature
313,98,conventional,request,request,173.10705176103318,50.42326597494892,1,81.84161900582347,17.422819813812538,11.193307212754044,-0.23223899854351646,1,4,door
314,84,non-conventional,statement,statement,140.29781176499714,56.81136455487531,4,72.32707352475137,13.671471575537407,10.375846186825193,-0.22447148698462294,4,1,car
315,40,non-conventional,statement,statement,103.69290750625014,47.11297995863713,10,58.79099762735602,11.45615575804961,10.502923878819756,-0.16657882207371671,10,9,soup
316,65,non-conventional,statement,statement,217.46336106198015,54.85587182719296,3,153.06585612207536,27.452497712309736,8.540427896269986,-0.1327872290242903,3,9,soup
317,120,non-conventional,statement,statement,110.68044125416303,44.94244786303764,7,41.131545861206064,9.11688362585342,6.169182916830628,-0.016711802902278864,7,5,laptop
318,85,conventional,request,request,170.47115234364304,46.92593670254127,12,139.86797215555063,35.99202942004448,9.932708815256914,-0.11633225922596337,12,10,spanish
319,95,conventional,request,request,207.33169690627722,48.899916757564846,11,173.77791248994464,56.89173473768993,9.714757959625846,-0.12043027226695822,11,4,door
320,118,non-conventional,statement,statement,116.68771471076515,46.494069843649925,19,55.856502622625,13.17770613348202,7.615773369605691,-0.10345942167605515,19,1,car
321,88,conventional,request,request,158.6737321852612,57.37669947736927,4,425.40072341277846,60.281120519779506,11.037002475389976,0.5342154761638852,4,10,spanish
322,108,conventional,question,question,179.18656775952138,49.942089475296974,5,136.84162535762903,38.53684233067665,8.437076971288297,-0.7410373141689829,5,3,box
323,89,conventional,question,question,207.87070035098765,54.933306442678465,15,443.1401770915704,44.19609870127176,10.538839218976012,0.07940291456593482,15,12,temperature
324,32,non-conventional,statement,statement,218.3557601147669,53.50529456699682,13,147.13384044047424,33.658392060607675,12.06478878955268,-0.19531875546944047,13,9,soup
325,133,conventional,request,request,180.46769405154478,51.0618635956596,5,160.05669927226162,41.52008313588885,7.5111645541857035,-0.5935193501398601,5,4,door
326,207,conventional,question,question,113.22292772932916,43.32213935333789,22,122.41906655544562,17.210922935556557,6.79014537981049,-0.017474722060750677,22,4,door
327,84,conventional,request,request,237.9792310554308,56.805638822472346,13,111.0209972390069,29.3503532705254,12.075667819316095,0.10407493584313288,13,8,piano
328,138,conventional,question,question,202.96239213756442,48.687133808975915,5,485.3565386762164,104.56157736820542,9.374367426929,0.6848652769893661,5,10,spanish
329,112,non-conventional,statement,statement,111.93283713687715,41.18283406705983,25,491.2484417790331,61.816755437325455,5.772716722856282,-0.1576402627003345,25,6,office
330,103,non-conventional,request,request,138.6383829697221,58.15541931324373,4,81.40069388130725,15.669277160235891,10.147135929617015,-0.3928738424627485,4,7,phone
331,83,conventional,question,question,352.07412926415157,51.78338068441894,11,273.50108778265565,37.24550620401892,10.630563180431505,0.502891241384945,11,3,box
332,89,conventional,question,question,239.05624962011373,57.925700679924624,13,91.56605603880871,24.252403425316103,12.370639141839517,-0.26237677473493126,13,8,piano
333,101,non-conventional,request,request,127.14019266914475,46.56735724343748,19,39.188185860522964,9.868018454935333,8.426490913709552,0.011350223248550305,19,1,car
334,73,non-conventional,statement,statement,90.71723922300173,53.129478206780355,18,55.835204103967996,10.678238387826553,10.489777088927514,-0.26346363156131863,18,6,office
335,81,non-conventional,request,request,116.73080791465351,52.46430488966397,9,414.59169352814786,94.42254513324268,9.783159129663137,-1.5741071084891227,9,1,car
336,102,conventional,request,request,204.01340087099922,50.92942116362255,5,453.90534962415325,87.60936187224118,7.339480417222,-0.320136427876089,5,10,spanish
337,123,non-conventional,request,request,105.67971836927633,39.4387000544536,24,45.42867434565267,12.294761371948077,6.041076186863679,-0.06766493059538241,24,1,car
338,129,conventional,request,request,112.79320060185408,40.784621779918155,22,35.91862903254527,8.557619999861704,6.6529901342474655,0.08929676811419088,22,3,box
339,70,conventional,question,question,139.23923118029515,56.871831699635855,21,72.9258893966543,15.612473774320094,13.543116153708903,0.36283085061273695,21,12,temperature
340,93,non-conventional,request,request,98.33024759139477,52.00571836438939,10,44.52705760546338,7.537991893167519,9.62639630683535,-0.16177856394995196,10,2,back
341,94,non-conventional,statement,statement,133.47859053225037,49.07311610570002,2,119.6161084314638,38.115938172339,8.73795371475526,-1.1936577546665503,2,5,laptop
342,91,conventional,request,request,246.83823568151982,58.63404613322456,13,255.6462593043418,47.43097257445443,12.34409693725906,-1.2806459436166897,13,10,spanish
343,98,non-conventional,request,request,119.169096030492,47.904591674134124,7,77.62258971019321,19.14571971656641,7.0263662557627855,-0.31302037246640263,7,5,laptop
344,114,conventional,request,request,132.87374379898398,60.726763126918556,21,55.68271239652964,14.063993101193331,12.683764251502014,-0.2475058350432152,21,12,temperature
345,105,non-conventional,request,request,195.27958290079738,56.79546016171247,14,176.39677430874985,36.991222705019666,11.400296826883729,-0.40082714117182133,14,5,laptop
346,119,non-conventional,statement,statement,177.75499603852717,51.81592391363838,20,120.23663349003603,27.449270642676296,8.475840113816655,-0.35311292941224287,20,6,office
347,104,conventional,request,request,154.55449360903498,63.08966740231552,4,77.05358790719959,16.820660639689006,11.077502783726981,0.11403024465956163,4,11,window
348,68,conventional,request,request,178.53974503529233,48.51861829220754,17,375.728106696546,78.01849344866555,9.747043138139126,-3.0913239999371056,17,11,window
349,115,non-conventional,request,request,136.89217063119943,56.28964045622191,4,70.618102066946,12.142795152225355,9.176799284754646,-0.18759020803772075,4,6,office
350,108,non-conventional,request,request,191.37762508512714,49.15565523630876,17,297.0009968697196,73.79511531620916,7.851867605892717,-1.6205393523427565,17,6,office
351,103,conventional,request,request,94.42943180397809,53.179283199308834,9,28.550429921159093,8.705900147298255,12.040594845647583,-0.08073201139841768,9,11,window
352,98,conventional,question,question,187.9886694640991,49.57794312825143,16,193.3177026439877,69.84496809744999,6.407299108656162,-1.0508951513383453,16,4,door
353,95,non-conventional,request,request,135.98264397712805,46.32128826818938,19,61.57850997062806,16.809720126990722,9.12148090495635,0.21829211663258563,19,5,laptop
354,105,non-conventional,request,request,96.25894306853525,51.846561479515266,9,117.68536583356915,18.871241735130077,10.715944850855951,-0.22327477359520118,9,6,office
355,95,non-conventional,request,request,114.03219349226305,41.96114037532877,25,37.598091615376106,8.516985211142407,6.620358486794955,-0.13854890913695525,25,9,soup
356,144,non-conventional,request,request,137.45793082938633,64.18752622781733,4,68.96714174860662,11.550191444220353,8.573948575040218,-0.12667758975097682,4,2,back
357,131,non-conventional,statement,statement,119.74242228541824,44.35247255258056,8,46.1318079009976,8.04848573156484,6.724036066097129,-0.0766675600963798,8,7,phone
358,62,conventional,request,request,131.08212666404782,49.30553858735058,10,519.6056626644902,112.97848287091949,10.10748263346001,-0.34746794951041016,10,3,box
359,88,conventional,question,question,134.32907724789823,52.620531497733964,10,452.8316604085811,64.81428419085003,10.68375008541335,0.6660771770473657,10,12,temperature
360,132,conventional,question,question,119.31643317197829,45.49326535348628,8,39.07345632899346,7.171461238635486,5.323293652201393,-0.04914019148306079,8,11,window
361,128,non-conventional,request,request,106.92515988016085,41.7645365361388,24,53.93691445620344,12.786649282090599,6.394204284559022,-0.029039919282660236,24,5,laptop
362,133,conventional,question,question,113.89539325228272,40.992580816988685,24,68.35416410878875,12.966436595080138,7.061702095885843,-0.08078330672181103,24,3,box
363,99,non-conventional,request,request,180.89190716878696,56.6297082256525,6,176.69857343918608,46.933068844982074,9.177871740602836,-1.2782658547398718,6,1,car
364,96,non-conventional,request,request,151.5435509198552,44.31731670970086,16,471.1892648035627,120.58169047792123,4.774279904138017,0.8942447180551576,16,1,car
365,81,conventional,request,request,207.9839574150244,57.26937640562202,6,169.07695009927187,33.37782172286013,10.630123314924441,-0.5048910592579954,6,10,spanish
366,66,non-conventional,statement,statement,195.72451807662597,49.772468473862475,17,473.75232376459195,73.62388344025177,10.217259923980961,-0.35213190321828114,17,6,office
367,117,non-conventional,request,request,156.32876036160974,48.909813970850905,1,99.19010430528,28.087917182634175,10.514660248959157,-0.364994569047135,1,7,phone
368,90,non-conventional,statement,statement,216.15328128540597,54.70897620390391,13,77.23622284381773,20.063932050959373,11.317407123851433,-0.4600419328617378,13,2,back
369,80,conventional,request,request,103.41564311638999,38.87604050791811,24,45.40242097114427,8.88956892627308,5.8601785584422466,-0.20099091718283146,24,4,door
370,123,conventional,request,request,155.8615108043511,49.193903454842776,16,195.75878846976224,73.93898563312378,7.6289650104713,-1.0092443627892378,16,8,piano
371,90,conventional,request,request,210.8988559368187,60.63771567336555,14,164.20582610872907,44.96805517278947,11.271679403935751,-1.426970305619652,14,12,temperature
372,41,non-conventional,request,request,128.18951601222398,53.101256877042744,18,514.3355745246988,113.5936022383783,8.84594557764969,-1.212976409320885,18,7,phone
373,100,conventional,question,question,108.55775694210462,42.08623626381877,24,47.23284887652379,11.36898453225363,6.665241137126402,-0.07704160743276127,24,12,temperature
374,113,conventional,question,question,107.77283099209964,53.61252378804455,9,40.311829881143495,7.221820897190173,11.432060241758217,0.15839743561866396,9,11,window
375,68,non-conventional,statement,statement,94.52903603033464,51.27957489623319,9,47.03598880914407,13.987515418489272,11.11369177400823,-0.3938822755199464,9,7,phone
376,50,non-conventional,request,request,100.9580291706816,51.102463550033455,10,40.331800171235315,9.126771010433979,9.49878343111119,-0.46588429629877925,10,9,soup
377,105,conventional,question,question,235.162717221912,61.16188837569699,13,120.13337874847323,30.372155626322698,12.711065516720065,-0.14865003610636338,13,4,door
378,149,non-conventional,statement,statement,120.80324331140531,42.98582593687882,8,47.485052901227874,6.221423915591939,5.661936683764951,-0.010643829069177322,8,5,laptop
379,201,conventional,request,request,130.13583908740617,41.98081056050223,22,157.48505531443718,35.779193880605675,8.139286927663155,-0.12322947665132825,22,8,piano
380,114,conventional,request,request,208.06551008487762,49.55281684860011,11,195.96695170007598,63.23134598255339,9.23242054358375,0.2192855350786743,11,10,spanish
381,84,conventional,question,question,106.99305730261052,50.64737969480902,9,57.66914454688863,13.671246929096258,10.381101864051415,-0.08851335373623807,9,12,temperature
382,86,conventional,request,request,123.59483566873587,44.35505150909516,7,58.61360642925342,13.045773255866449,7.1420726503997045,-0.062369579467084296,7,10,spanish
383,104,non-conventional,statement,statement,147.49814464223118,49.625229105345205,12,249.67463592999422,33.39285585502092,8.482265739042601,-0.37204041350051803,12,6,office
384,76,non-conventional,request,request,156.43674644727824,51.587449161326255,4,111.55916779740294,22.965094598474895,9.931603516959337,-0.07852333237395848,4,9,soup
385,121,non-conventional,request,request,113.37985971425887,44.70359878173244,25,60.09156577250427,15.270491305608456,6.481400360997715,-0.22970546103152237,25,2,back
386,139,non-conventional,statement,statement,153.26651303518412,46.71745747857697,5,107.78647108893153,32.91517202852302,7.842740057562285,0.31733347958682173,5,1,car
387,82,non-conventional,statement,statement,124.48502147956538,58.70017515653985,21,67.18054694959636,12.672006361002394,12.082029172835831,-0.1889556781807322,21,5,laptop
388,96,non-conventional,statement,statement,156.29167073990254,56.6267855316814,15,170.89556994843795,56.2737374579237,8.661741529461995,-0.7447707219284644,15,2,back
389,115,conventional,request,request,128.99767898699872,63.643744886817856,21,55.646652713980316,14.348625378295704,12.163219961735468,-0.3877438384496423,21,4,door
390,104,non-conventional,statement,statement,171.58362992368728,54.74173025893701,6,174.22104709542447,43.66852726727648,8.02296194702636,-0.8268903259986817,6,2,back
391,48,non-conventional,statement,statement,90.6016420611295,51.939782683309105,18,58.71799357207327,10.82661271292714,8.432610931143138,-0.5827153270784802,18,2,back
392,97,conventional,question,question,141.25954774357768,45.84348320160782,16,452.00913981961963,96.31080624293494,6.067153190460302,0.054975476541107716,16,12,temperature
393,99,non-conventional,statement,statement,140.94507230167395,49.61884331717693,12,85.98403885658527,23.832511523041624,7.9508175611058896,-0.5292589749454673,12,7,phone
394,175,non-conventional,request,request,126.41709185024997,40.55414296557204,22,173.68168966523683,40.08609970919226,6.282185168379165,-0.3476006164696268,22,5,laptop
395,96,non-conventional,statement,statement,122.55414145141212,43.96000331532433,19,71.5255642181209,16.861968278801257,8.101632314627997,-0.12057095528314331,19,5,laptop
396,106,conventional,request,request,128.96796368247823,62.39635175034398,21,74.28944369600696,15.759169168012555,14.037516317189523,-0.3257677704858565,21,11,window
397,117,conventional,question,question,167.8764729249809,49.21978084213316,12,406.2154304223319,72.93285599797645,10.600960306467654,-0.46544011620976666,12,11,window
398,127,non-conventional,request,request,123.54630064766148,59.37112184897696,21,74.91713222297295,13.426567137605254,13.040974503537704,-0.21674504077494205,21,6,office
399,82,conventional,request,request,105.3368664763866,53.90725805500314,10,33.12907053999557,9.578109778552184,11.522562040840317,0.14105377286886595,10,8,piano
400,88,non-conventional,statement,statement,131.71415427099768,57.56226744816476,4,48.3399930909422,11.659055582608163,10.218581660050996,-0.30612948356782577,4,7,phone
401,93,non-conventional,request,request,119.36767009994811,44.854467677240805,7,47.027749253650114,10.707488930274943,5.656036797947068,-0.13100274538957382,7,7,phone
402,68,conventional,question,question,125.99080694053113,55.38835786848178,21,50.24698673809638,12.768558167429056,14.472602733609984,-0.5062313774996829,21,3,box
403,112,non-conventional,statement,statement,250.61533593865943,60.80629931454561,3,131.56628389696937,23.52486472459578,6.703408165059621,-0.35671427826598284,3,6,office
404,85,conventional,question,question,139.92149978934694,61.90648260061994,21,82.63628028385057,17.88647703668987,13.041929022786547,0.41192168281188524,21,4,door
405,107,conventional,question,question,164.9958233449303,60.09331064155787,4,114.37959932781982,28.648057368311996,12.578767322968215,0.49920183091203424,4,11,window
406,91,conventional,request,request,219.823519988867,52.43683600818618,5,75.1813690821555,18.625774808257454,7.791455381264973,-0.5366495221938378,5,12,temperature
407,115,conventional,question,question,149.7764635276436,42.37181284862264,22,191.56190250255995,58.706280726001566,6.872133665841418,-1.1016717054597116,22,12,temperature
408,162,non-conventional,request,request,194.4990904080781,56.338561590144124,20,68.30409332162006,19.44503949821598,8.779045508608661,-0.33088102832411465,20,2,back
409,81,conventional,request,request,108.35042377267135,51.55930881814725,9,493.10080272426217,73.40572756227648,11.12784445250983,0.10952242754230457,9,8,piano
410,115,non-conventional,request,request,147.680913239919,47.88392193286285,1,111.33696735480966,31.141937502908764,9.013342849034032,0.31554558755936596,1,9,soup
411,81,non-conventional,statement,statement,100.27241763817167,40.049873052322084,24,47.39401274104834,9.175199582137703,6.9098536527610745,-0.12891329483498026,24,5,laptop
412,126,conventional,question,question,185.18113036778175,52.61274522888688,5,495.95326393284137,86.46592470701104,7.009852723812655,-1.589461079912242,5,11,window
413,128,non-conventional,statement,statement,180.93660907353404,51.52228529004928,3,239.16795940627406,55.65057587256217,8.261654354382229,0.0009983440170878467,3,1,car
414,47,non-conventional,request,request,93.51268035746035,50.43075003243154,18,47.644833223001754,12.526092200851455,9.776509795933226,-0.41533686290110927,18,1,car
415,151,non-conventional,request,request,119.21867604483451,42.941842426157415,8,35.193990299694335,5.704086372734854,4.433992212038916,-0.02245107613530251,8,1,car
416,109,non-conventional,statement,statement,196.3135508531343,57.1190743277256,6,131.0518553074147,24.5913021683826,9.779880547334544,-0.4589452467141213,6,6,office
417,114,non-conventional,statement,statement,217.37656086189818,50.17550361023043,5,77.49437176546985,22.271534096256335,8.192862889240358,0.5505000469643188,5,7,phone
418,138,non-conventional,request,request,105.24813115175775,43.77880541730123,25,48.274493740406555,8.419115812938035,5.6114165823961635,-0.06752713179026834,25,1,car
419,118,conventional,request,request,268.47667171111647,52.15557842912648,11,225.9631054871969,50.68986001861543,8.725641441921084,1.0266011394164736,11,12,temperature
420,88,non-conventional,statement,statement,109.60409546401783,41.794605576763296,25,30.84112312651574,8.609640977267999,6.294684107465072,-0.14857561415141346,25,9,soup
421,38,non-conventional,request,request,177.00351230590363,52.4041379706446,15,136.02152391987352,45.77375320269366,9.662791962073339,-2.710037541687935,15,9,soup
422,111,conventional,question,question,258.69400837617826,62.865140063692856,13,55.35829753007022,13.777160279808143,14.148198547078579,0.25640903579317603,13,11,window
423,110,conventional,request,request,104.33065012437862,43.97938867228354,24,62.884365031604105,9.875580762365106,7.118039747500138,-0.1637456481780818,24,8,piano
424,56,non-conventional,statement,statement,228.36729491779644,63.38465427599881,13,188.96251550292607,48.91726236717658,12.425247135943971,-1.1196172454536208,13,7,phone
425,89,conventional,question,question,196.2611598692842,55.65552127588345,15,215.12031371670687,42.81859170919586,12.335244635632119,-0.7448229072464008,15,4,door
426,168,conventional,question,question,112.28302117170738,44.86488443413402,25,59.240471906911424,9.863374037429978,5.719057266553265,-0.10594215153337992,25,8,piano
427,87,conventional,question,question,238.83487950116253,60.58874587709022,13,156.37750509944448,39.23633335598675,13.23464429850054,-1.092706751970799,13,12,temperature
428,56,non-conventional,statement,statement,180.32529784830746,55.17804547488855,6,148.18782702472987,45.57289230534232,9.973843349399214,-1.3294918335952406,6,9,soup
429,99,non-conventional,statement,statement,190.40234691740412,59.762448012459124,6,111.999389381371,23.877167399965668,11.149781492011279,-0.21913149401416807,6,7,phone
430,91,non-conventional,statement,statement,91.99363662644554,50.42467786269858,9,54.324105886834346,10.45221621601907,10.827246167117563,-0.23496381148007942,9,6,office
431,65,conventional,question,question,125.15051034954772,56.841464695395786,18,472.5231944227933,60.7393002613695,10.68029144761316,-0.3770632756395509,18,8,piano
432,126,conventional,question,question,109.86577790069343,50.88986416376002,9,43.7698590334673,9.431909207535583,10.322614396879924,0.11660321825144523,9,4,door
433,101,conventional,question,question,206.28570669848827,59.685657855298544,6,90.8564745678861,20.730455836140806,8.913876132030532,0.2299604238971567,6,11,window
434,85,conventional,question,question,185.41579758682252,56.563722973830195,6,168.62638994020173,35.80605025026435,10.383863655014881,-0.000242209161922752,6,8,piano
435,112,conventional,question,question,191.41422900073076,58.80509011933031,14,173.7929987023226,50.95591458008633,11.317654463528047,-0.9353579909457211,14,3,box
436,34,non-conventional,statement,statement,148.7386613170073,49.43007199526427,18,515.6865386594109,148.96720245379953,8.769462787334012,6.258579105040112,18,9,soup
437,94,conventional,question,question,213.92156561210106,59.32132928781117,15,426.48297324076384,73.92359911948566,10.939492698923134,-0.36962441932804785,15,8,piano
438,47,non-conventional,statement,statement,129.89091769569333,51.10939765483708,10,471.1575944054026,104.50546128752069,10.002821541955011,-2.5878451820891617,10,7,phone
439,70,non-conventional,statement,statement,216.14997404535433,58.23948278412502,13,164.21382350066938,27.568486069239587,12.854889812110716,-0.4522349732186419,13,5,laptop
440,160,conventional,request,request,120.66499229559312,45.31366708391057,8,47.033533424045984,6.3923937349036715,5.890148246545007,-0.06519266081847325,8,10,spanish
441,70,conventional,request,request,274.65700911076186,48.3710998251849,11,54.24571784478968,18.79265491679056,12.085692230001266,0.7950082320100356,11,3,box
442,117,non-conventional,request,request,166.08216249546447,54.949165994361636,2,79.64327391123567,21.3291642744611,8.36109284994753,-0.44002461122560554,2,7,phone
443,115,conventional,request,request,158.7006490404003,49.57523076121459,1,151.52049068726308,46.928298574291205,9.461768930447395,-0.6914174198177524,1,3,box
444,63,conventional,request,request,206.46354108633926,58.52906033645052,14,225.0739368234003,75.20045840939545,10.876774576764895,-3.7746599056483663,14,4,door
445,145,conventional,question,question,246.32756857579,48.43221054075222,11,247.4801474782899,84.91980316935957,9.53887725464633,0.9291481544511178,11,10,spanish
446,116,conventional,question,question,115.25643389793007,39.566181887471835,24,83.24304206655611,16.04157849776019,5.60149124711204,-0.13409918948240485,24,4,door
447,76,non-conventional,request,request,123.84982048706829,50.21201169905337,7,129.73772259469888,26.968971066405036,6.615926526405504,-0.30129930971859514,7,1,car
448,112,non-conventional,request,request,187.7959864268765,51.927865864939115,17,243.71075286491822,71.50428040289218,8.262895552526487,-1.599580996280772,17,1,car
449,130,non-conventional,request,request,175.16962583900053,52.84715456126494,2,109.99038153670108,19.760186333405045,6.835373786432923,-0.2871524243565212,2,6,office
450,109,non-conventional,request,request,206.19577809268958,50.88250669355438,11,218.55025311720897,45.72037326866031,10.095442430988125,-0.6864405158075014,11,6,office
451,88,non-conventional,statement,statement,145.21936651985752,44.423343169103006,16,171.92838073643577,57.20920438880852,7.07543502118163,-1.3616719327844669,16,5,laptop
452,141,conventional,question,question,387.49388934671146,53.22924312223859,11,342.8055255427625,92.11913268122692,8.458347760242747,-0.19901580336811034,11,11,window
453,101,conventional,request,request,178.333566424198,50.86527169396403,2,96.18468070011389,18.04812881100495,8.788988113717243,-0.020807094070802546,2,11,window
454,137,conventional,request,request,314.7884066352888,54.76466892739901,11,291.3900554223975,52.70086485440875,9.667547740106418,1.036004613425769,11,11,window
455,128,non-conventional,request,request,140.13873769228718,48.22700422719223,1,123.23854460027873,29.909885513896803,8.320164451013417,-0.12256613009894919,1,5,laptop
456,119,conventional,request,request,110.16567322715089,40.31984856726609,24,59.15911507893381,10.864873358126944,6.380475054713843,-0.05560504455735538,24,12,temperature
457,75,non-conventional,statement,statement,168.79435786332422,52.8193188573511,11,166.8931183644046,66.34958623330552,9.105828759579708,-2.0057362622106902,11,7,phone
458,107,non-conventional,request,request,141.86001956809463,45.39581592209189,12,138.35499738098267,16.814142698979403,8.824898055485912,-0.05404024365441144,12,5,laptop
459,164,non-conventional,request,request,150.33547687900352,52.18451014502249,1,81.69098032978492,23.42833193699045,9.466573320371694,-0.07684248097943648,1,2,back
460,101,conventional,question,question,124.66788026462656,53.61351552511919,7,70.95251777813311,16.372364556218056,7.505982498758923,0.15892764673169932,7,11,window
461,71,non-conventional,request,request,199.88461531620783,50.239213820970356,20,483.8578365615207,85.92616631469662,10.873810771802342,-1.2493479606301325,20,9,soup
462,114,non-conventional,statement,statement,111.98173819854516,45.97537099377027,7,32.12793422048486,6.956594345968927,6.581092029776312,0.008931016925703623,7,7,phone
463,93,conventional,request,request,126.85634118917531,61.02530186570634,21,60.23168260322133,13.427861991995044,14.66889579167922,-0.4099063301683548,21,8,piano
464,87,conventional,question,question,104.99050705473293,53.59414391532344,10,32.0115652922441,7.660948156655631,11.811888527613014,-0.0355846384288145,10,4,door
465,106,non-conventional,statement,statement,105.0551558246249,43.80846735869632,25,66.37482961399996,12.203411493292938,6.360856785314789,0.025293220374509963,25,2,back
466,84,non-conventional,request,request,179.2666057869705,54.67865688898178,15,144.6388543211348,32.59454879918334,9.561284548556376,-0.7524634275786166,15,2,back
467,106,non-conventional,statement,statement,185.27484892207414,55.66147551802319,6,140.9829173896801,27.458504470188135,9.715630938508244,-0.7158191135208566,6,1,car
468,86,conventional,request,request,92.65989625550552,53.23730395790194,9,41.22598073001545,9.503808113816346,10.594484265960581,0.01790016112768099,9,10,spanish
469,157,non-conventional,statement,statement,135.89210774877466,46.05191370211522,1,106.90052743391875,22.650239647292167,9.197158852814683,-0.011338556811712329,1,7,phone
470,142,non-conventional,request,request,172.44161986661098,50.2293610338417,5,179.30786153134906,36.81859659409034,7.820855030991568,-0.6676201238863061,5,2,back
471,110,conventional,question,question,153.97663719766578,54.38405532366782,1,129.65590122965264,42.51118654651061,9.431242249463564,0.24192313049772504,1,11,window
472,96,non-conventional,request,request,106.60026423738519,40.65853295876019,24,40.651596640048396,11.415561270633432,6.675794760695803,-0.02655684001905865,24,9,soup
473,79,conventional,question,question,259.05761633398293,51.091843969005964,17,353.91871880652775,54.883050003091014,10.784608749389106,0.47936322037559215,17,12,temperature
474,102,conventional,request,request,186.90542383771464,55.21068483186441,20,89.8273248676469,22.64678180186066,9.762282113681653,-0.6917231106107468,20,12,temperature
475,128,non-conventional,request,request,146.7508885289683,48.73404095764539,12,115.16522466261293,21.746017777118553,8.490875939286838,-0.14125305850897815,12,6,office
476,76,non-conventional,statement,statement,192.91308957915055,52.71282549436402,17,295.60496030088916,71.33755676067778,7.836106509593878,-2.6009718670915234,17,7,phone
477,113,non-conventional,request,request,166.13575978179108,54.243755906622376,1,97.33074757984956,19.17964935317486,9.564711350829398,-0.22602569583085644,1,6,office
478,159,non-conventional,request,request,192.1560539622217,48.617623071455505,11,196.8021656515238,48.79930443185532,10.399604074925874,-0.15066577412062065,11,5,laptop
479,97,non-conventional,request,request,165.37208345010504,51.4549930516938,2,144.27245354528463,33.47165019812009,8.612924409307471,-0.9368769461697902,2,5,laptop
480,92,conventional,question,question,225.78071925526146,53.599430191182314,17,219.33058717530793,38.87287423331322,9.142061533786007,-0.14368183942382043,17,11,window
481,114,conventional,request,request,154.91150790175269,49.991889969214675,12,389.5827860394892,55.3669464509938,8.923714925315721,-0.5880938556796916,12,11,window
482,124,non-conventional,statement,statement,186.95555366960403,46.27670933986515,16,366.16854074415767,83.38809514337562,7.196039912803589,-1.1854629129661312,16,6,office
483,107,conventional,request,request,173.38263759931442,54.17963928110843,1,149.77065712437638,43.606805206934276,10.129577846511665,-0.6151273274455703,1,11,window
484,164,non-conventional,request,request,165.2781441076812,50.50571887664026,11,169.60381370654224,55.53385702164186,8.999843271164988,-0.598636127236928,11,2,back
485,122,conventional,request,request,140.65004720095988,50.25171897392346,19,101.90760402169407,22.2139457356894,8.373851349988923,-0.029083493243833886,19,10,spanish
486,116,non-conventional,request,request,174.74920254330934,57.76707824477071,6,163.03717069696296,47.99449650195986,9.345035320724632,-1.1278651023766681,6,7,phone
487,103,conventional,request,request,276.25769619178806,50.94034637173552,11,461.9393300830799,78.1807945641046,10.326978976402694,1.451082503624946,11,8,piano
488,106,conventional,question,question,183.24066634851908,53.89450826454561,20,67.18616046934167,15.65659294516416,11.44577014032615,-0.3629622036626905,20,4,door
489,96,non-conventional,statement,statement,195.47499069522829,55.74404799446714,13,323.4879601672465,42.62149323202279,10.767994212419557,-0.4404241812375168,13,6,office
490,89,conventional,question,question,182.22885406158267,46.97448686811177,16,404.3646832334894,82.6479519600658,7.068539854379211,-2.2756780930643616,16,8,piano
491,87,non-conventional,statement,statement,122.44301040214528,42.964846412542805,8,36.834057147501866,6.719545329511626,5.246737254881572,-0.09323301446604683,8,9,soup
492,75,non-conventional,request,request,99.98385042171599,51.483954761908414,10,32.708018292303294,6.4884291101459315,11.411218177379201,-0.1914457100361734,10,1,car
493,94,conventional,question,question,205.67598536147608,52.43790103143177,5,174.8083214748142,44.3728822688644,8.16043455271808,-0.500374427526741,5,8,piano
494,82,conventional,question,question,166.29083118125521,43.05054374661229,16,468.0250937284851,100.9848660377288,4.402917785477042,-2.0323997695523546,16,11,window
495,81,non-conventional,statement,statement,127.42600438716606,45.201848357311995,16,156.67601254155613,42.650579620518286,5.053700433178935,-0.503840225200298,16,7,phone
496,74,non-conventional,statement,statement,150.03552409853452,46.2386641197727,16,461.45773897283203,115.09566487589699,7.018756298373154,0.02593831620795219,16,9,soup
497,68,non-conventional,statement,statement,155.237854903945,46.490050540925004,5,165.66360825420102,44.61328411011957,7.230204541071718,-1.1344303309825476,5,9,soup
498,138,conventional,question,question,122.39631030962569,45.12997270203132,8,79.98060344472624,11.137980716831958,5.196945704449646,-0.02923136411523812,8,8,piano
499,138,conventional,request,request,122.38747314049117,45.13003644487084,8,79.74218740798777,11.124476559659978,5.1968225762714075,-0.028974739265453804,8,8,piano
500,84,conventional,request,request,145.80027895603394,54.621513344473215,4,61.247216280159606,12.748606414474018,11.032621506052232,-0.25111840191339024,4,4,door
501,66,conventional,request,request,204.50107610700522,52.183316803286836,6,127.33283930628761,38.76492035135483,12.049657774446002,-1.2212522074607197,6,3,box
502,106,conventional,request,request,200.40515337727894,47.632436667246694,16,195.48780342994002,66.09290198804057,7.4810756326712315,-1.3356943903287253,16,3,box
503,79,non-conventional,statement,statement,99.00405862502646,50.02678238341138,9,76.16694444972649,14.349039784524512,11.281806722074078,-0.3850816870106047,9,5,laptop
504,113,non-conventional,statement,statement,164.13949666460616,50.95696358129779,2,85.26795571267643,17.368166916883347,7.475935861418398,-0.3709610967405812,2,1,car
505,74,conventional,request,request,135.6411298248815,56.64653439063735,18,482.72448230913983,122.23907113421795,9.03390362829112,-0.0029205332611125325,18,10,spanish
506,71,conventional,question,question,153.24092460104976,52.14705706412797,4,86.8147245790313,17.194373860366092,10.313049147622037,0.029414243880316635,4,3,box
507,97,conventional,request,request,103.03324998094824,45.299314927750295,25,39.16443215613394,8.53276450240406,5.515842224682961,-0.22594429504395933,25,8,piano
508,117,conventional,question,question,252.7508259301507,61.006222402929566,14,153.82611628645455,39.35556707991192,12.357248680110846,0.19180274824713958,14,4,door
509,69,conventional,request,request,98.73803244109794,52.01875048327621,10,37.07729797185945,9.078445063697147,10.093846134989544,-0.17487786977010858,10,4,door
510,105,conventional,question,question,153.76242412899202,53.704227532554945,4,462.8671851885148,70.12474944199818,12.489468660172795,0.7833707293204253,4,10,spanish
511,124,non-conventional,statement,statement,103.2772058557753,45.708326822715534,24,51.149706659736566,12.520862062558933,7.568879644791275,-0.12657227856807432,24,6,office
512,102,conventional,request,request,133.99330412494135,49.15973139610621,19,90.01390085535164,17.757663890485606,9.484482984046647,0.0470255054385064,19,3,box
513,107,conventional,question,question,148.21264851815974,47.141602438253344,12,72.61562825506739,20.01610691019907,8.860713312905293,-0.06107879064470892,12,12,temperature
514,83,conventional,request,request,96.43133641844727,47.68507335154386,9,45.522738653710746,13.009982150778887,10.981483593038377,0.11849593341959398,9,3,box
515,107,non-conventional,request,request,98.6738349122089,43.42872514370039,24,54.21309236522994,10.408388258277778,6.476936310642563,-0.23867733197697746,24,2,back
516,90,non-conventional,request,request,167.70305353128225,48.618672936987956,5,168.49480595598754,41.8408361921484,6.757932985462384,-0.847710202451383,5,9,soup
517,144,conventional,request,request,110.87611565545765,40.6246253462887,24,40.17769367188015,8.876897841466281,6.756348457425868,0.01615827379090223,24,3,box
518,131,conventional,question,question,123.02482577496791,44.60236993150521,8,39.55706821855654,6.872393382469586,5.183871526028695,-0.05309815311374204,8,4,door
519,141,non-conventional,request,request,125.97506858529928,40.67175516740444,22,148.56450425688655,32.04106619559316,4.979098920018345,-0.09928683117796709,22,1,car
520,90,conventional,request,request,161.82920411681116,50.28996108339799,1,119.93623011357556,36.038178451232135,9.543441914394561,0.03412622653559536,1,12,temperature
521,70,conventional,request,request,278.7017625954402,59.52465343660831,14,186.16298465103694,60.157223298228864,11.100045717825974,-0.8621298017574645,14,8,piano
522,104,non-conventional,statement,statement,138.70297003147567,57.5754844210552,15,122.73590110171723,49.17701439479686,9.794790947738434,-1.3940413946280157,15,7,phone
523,100,non-conventional,request,request,174.48679009292235,58.484149717011,3,176.72559492558025,52.200590023871634,9.815023409501094,-1.5627325458047163,3,7,phone
524,97,non-conventional,request,request,220.12923347073541,49.91945229475593,11,500.46949263075453,60.91615534505352,10.871766999056863,-0.6451490509003834,11,9,soup
525,101,conventional,question,question,189.74018947843794,58.7365691877448,15,160.90309885185252,33.18743699385959,9.69280675006781,0.330457257591127,15,11,window
526,101,conventional,question,question,109.51418784922929,41.545041231322095,25,58.264159435803435,12.06262712424157,7.56562584032477,-0.13422418201680086,25,4,door
527,100,non-conventional,statement,statement,174.48650705566163,58.48415043399067,3,176.696988188954,52.20026528207508,9.815008669396981,-1.562722633973503,3,7,phone
528,93,conventional,request,request,265.8414734459624,57.58476830619886,15,395.98295718414363,106.0956438188661,10.780687546075804,-0.8908651399923997,15,12,temperature
529,128,conventional,question,question,219.12555075897185,60.420629251579655,3,243.9824471954626,52.55935315875859,7.451196550018306,0.16708703314258747,3,11,window
530,93,non-conventional,statement,statement,171.86731435841696,53.1472748846443,6,176.97667149286082,54.01580330153132,10.23134535907482,-0.9137947950354137,6,5,laptop
531,133,non-conventional,statement,statement,121.21150587404122,46.941230009900224,8,76.37687054348599,10.395711658154598,5.405574355943852,-0.06776135142222205,8,2,back
532,126,non-conventional,statement,statement,177.30900387133673,46.09162220502158,5,437.0088834634632,49.42403680105947,7.378287798354396,-0.0541294734194316,5,2,back
533,119,non-conventional,statement,statement,168.50166960530083,48.622518629302476,16,464.91942134231704,101.48122744656989,5.7513089380318085,-0.029268202626844243,16,2,back
534,84,conventional,request,request,102.84852517131102,40.68356505898642,25,55.7359745398561,10.029944541335757,6.929345315592836,-0.12849629380399333,25,4,door
535,90,non-conventional,statement,statement,123.42645842447762,58.18560428957437,21,76.87395330221194,10.810925411128753,13.311954359480913,-0.20212725685256336,21,6,office
536,147,conventional,question,question,157.27093654784295,49.37242599808986,1,95.0181286103619,27.765323858642553,10.28009274819294,-0.2579673245207176,1,10,spanish
537,108,conventional,question,question,187.71704731268133,53.45709985100852,2,137.01044375295203,24.109295734191594,7.321586713873206,-0.004965163658276925,2,11,window
538,92,non-conventional,statement,statement,194.50626950851986,52.09521433372103,3,169.3063122788168,43.30039866154835,8.515233019066908,-0.5807124522994626,3,5,laptop
539,100,conventional,request,request,186.51688433241023,55.25081163074003,20,109.37798655646748,22.078035008805987,10.306451267423775,-0.4454367345336113,20,8,piano
540,95,non-conventional,statement,statement,142.9642724790703,54.43851059432211,2,137.4332146682354,37.021059764228035,8.13416246691465,-1.0514562864899217,2,7,phone
541,118,conventional,question,question,298.6799478165763,48.576835940300015,11,281.4411886068628,85.03607451324322,9.567036835277927,1.133531449329641,11,4,door
542,138,conventional,question,question,115.69735454276278,43.83572005754364,25,44.37618733939004,10.13185786108671,7.205265909625058,0.06597169134103503,25,3,box
543,106,non-conventional,statement,statement,111.42193077550168,50.7571051837342,7,45.965786729583044,9.948018569229093,6.572812868423991,-0.23367189544658032,7,1,car
544,153,conventional,request,request,143.29100185224925,43.51119441616945,22,134.2165172655684,44.80910850277188,7.263303852890488,-0.6267528677314614,22,11,window
545,121,non-conventional,request,request,138.3348144976063,59.42218876347921,21,332.5619830873472,69.5623463817553,12.347085789951588,-0.12084171518811429,21,5,laptop
546,69,non-conventional,statement,statement,173.59104746702593,56.98735612155141,14,171.193626728385,51.51092914391338,9.576058827866865,-2.2415027743402,14,7,phone
547,165,non-conventional,request,request,121.0856768135707,43.63121671089219,22,145.9882137069303,40.419060250008066,5.909818450661884,-0.345417674054107,22,6,office
548,114,non-conventional,statement,statement,132.4150977755019,49.12965181523072,19,294.69612406957003,43.367398179255964,8.208481625646263,-0.4091402013704671,19,6,office
